count,function
301,EVP_CIPHER_get_nid
273,EVP_CIPHER_free
200,BN_free
170,EVP_CIPHER_get_type
138,EVP_CIPHER_up_ref
136,EVP_add_cipher
124,EVP_CIPHER_get0_provider
124,EVP_CIPHER_gettable_ctx_params
56,EVP_MD_get_type
53,EVP_EncryptUpdate
52,EVP_CipherUpdate
36,EVP_CipherInit_ex
28,EVP_CIPHER_CTX_get_key_length
21,EVP_add_digest
16,EVP_PKEY_asn1_get0
16,EVP_PKEY_asn1_get0_info
7,EVP_CIPHER_CTX_new
7,EVP_CIPHER_CTX_reset
7,EVP_CIPHER_CTX_free
6,EVP_RAND_free
5,EVP_CIPHER_fetch
5,EVP_CIPHER_get_iv_length
5,EVP_CIPHER_CTX_get_iv_length
4,EVP_RAND_CTX_free
3,EVP_RAND_fetch
3,EVP_RAND_up_ref
3,EVP_RAND_CTX_new
3,EVP_RAND_instantiate
2,RAND_get_rand_method
2,RAND_OpenSSL
2,EVP_aes_256_cbc
2,EVP_CIPHER_get_key_length
2,RAND_get0_public
2,EVP_RAND_generate
2,RAND_bytes_ex
2,RAND_bytes
1,EVP_add_alg_module
1,EVP_des_cfb64
1,EVP_des_cfb1
1,EVP_des_cfb8
1,EVP_des_ede_cfb64
1,EVP_des_ede3_cfb64
1,EVP_des_ede3_cfb1
1,EVP_des_ede3_cfb8
1,EVP_des_ofb
1,EVP_des_ede_ofb
1,EVP_des_ede3_ofb
1,EVP_desx_cbc
1,EVP_des_cbc
1,EVP_des_ede_cbc
1,EVP_des_ede3_cbc
1,EVP_des_ecb
1,EVP_des_ede
1,EVP_des_ede3
1,EVP_des_ede3_wrap
1,EVP_rc4
1,EVP_rc4_40
1,EVP_rc4_hmac_md5
1,EVP_seed_ecb
1,EVP_seed_cfb128
1,EVP_seed_ofb
1,EVP_seed_cbc
1,EVP_sm4_ecb
1,EVP_sm4_cbc
1,EVP_sm4_cfb128
1,EVP_sm4_ofb
1,EVP_sm4_ctr
1,EVP_rc2_ecb
1,EVP_rc2_cfb64
1,EVP_rc2_ofb
1,EVP_rc2_cbc
1,EVP_rc2_40_cbc
1,EVP_rc2_64_cbc
1,EVP_bf_ecb
1,EVP_bf_cfb64
1,EVP_bf_ofb
1,EVP_bf_cbc
1,EVP_cast5_ecb
1,EVP_cast5_cfb64
1,EVP_cast5_ofb
1,EVP_cast5_cbc
1,EVP_aes_128_ecb
1,EVP_aes_128_cbc
1,EVP_aes_128_cfb128
1,EVP_aes_128_cfb1
1,EVP_aes_128_cfb8
1,EVP_aes_128_ofb
1,EVP_aes_128_ctr
1,EVP_aes_128_gcm
1,EVP_aes_128_ocb
1,EVP_aes_128_xts
1,EVP_aes_128_ccm
1,EVP_aes_128_wrap
1,EVP_aes_128_wrap_pad
1,EVP_aes_192_ecb
1,EVP_aes_192_cbc
1,EVP_aes_192_cfb128
1,EVP_aes_192_cfb1
1,EVP_aes_192_cfb8
1,EVP_aes_192_ofb
1,EVP_aes_192_ctr
1,EVP_aes_192_gcm
1,EVP_aes_192_ocb
1,EVP_aes_192_ccm
1,EVP_aes_192_wrap
1,EVP_aes_192_wrap_pad
1,EVP_aes_256_ecb
1,EVP_aes_256_cfb128
1,EVP_aes_256_cfb1
1,EVP_aes_256_cfb8
1,EVP_aes_256_ofb
1,EVP_aes_256_ctr
1,EVP_aes_256_gcm
1,EVP_aes_256_ocb
1,EVP_aes_256_xts
1,EVP_aes_256_ccm
1,EVP_aes_256_wrap
1,EVP_aes_256_wrap_pad
1,EVP_aes_128_cbc_hmac_sha1
1,EVP_aes_256_cbc_hmac_sha1
1,EVP_aes_128_cbc_hmac_sha256
1,EVP_aes_256_cbc_hmac_sha256
1,EVP_aria_128_ecb
1,EVP_aria_128_cbc
1,EVP_aria_128_cfb128
1,EVP_aria_128_cfb1
1,EVP_aria_128_cfb8
1,EVP_aria_128_ctr
1,EVP_aria_128_ofb
1,EVP_aria_128_gcm
1,EVP_aria_128_ccm
1,EVP_aria_192_ecb
1,EVP_aria_192_cbc
1,EVP_aria_192_cfb128
1,EVP_aria_192_cfb1
1,EVP_aria_192_cfb8
1,EVP_aria_192_ctr
1,EVP_aria_192_ofb
1,EVP_aria_192_gcm
1,EVP_aria_192_ccm
1,EVP_aria_256_ecb
1,EVP_aria_256_cbc
1,EVP_aria_256_cfb128
1,EVP_aria_256_cfb1
1,EVP_aria_256_cfb8
1,EVP_aria_256_ctr
1,EVP_aria_256_ofb
1,EVP_aria_256_gcm
1,EVP_aria_256_ccm
1,EVP_camellia_128_ecb
1,EVP_camellia_128_cbc
1,EVP_camellia_128_cfb128
1,EVP_camellia_128_cfb1
1,EVP_camellia_128_cfb8
1,EVP_camellia_128_ofb
1,EVP_camellia_192_ecb
1,EVP_camellia_192_cbc
1,EVP_camellia_192_cfb128
1,EVP_camellia_192_cfb1
1,EVP_camellia_192_cfb8
1,EVP_camellia_192_ofb
1,EVP_camellia_256_ecb
1,EVP_camellia_256_cbc
1,EVP_camellia_256_cfb128
1,EVP_camellia_256_cfb1
1,EVP_camellia_256_cfb8
1,EVP_camellia_256_ofb
1,EVP_camellia_128_ctr
1,EVP_camellia_192_ctr
1,EVP_camellia_256_ctr
1,EVP_chacha20
1,EVP_chacha20_poly1305
1,EVP_md4
1,EVP_md5
1,EVP_md5_sha1
1,EVP_sha1
1,EVP_ripemd160
1,EVP_sha224
1,EVP_sha256
1,EVP_sha384
1,EVP_sha512
1,EVP_sha512_224
1,EVP_sha512_256
1,EVP_whirlpool
1,EVP_sm3
1,EVP_blake2b512
1,EVP_blake2s256
1,EVP_sha3_224
1,EVP_sha3_256
1,EVP_sha3_384
1,EVP_sha3_512
1,EVP_shake128
1,EVP_shake256
1,EVP_PKEY_asn1_get_count
1,EVP_RAND_enable_locking
1,RAND_get0_primary
1,EVP_EncryptInit_ex
1,EVP_CIPHER_get_block_size
1,EVP_CIPHER_CTX_get_block_size
1,EVP_EncryptFinal_ex
1,RAND_set_rand_method
1,EVP_PBE_cleanup
